year,total_customers,residential_customers,business_customers,complaints,affordability_index,disconnections,payment_difficulty_cases,life_support_customers
2022,50000,40000,10000,8289,0.2287189654281705,3921,13773,952
2023,50000,40000,10000,7337,0.24934584600033027,4685,11673,1031
2024,50000,40000,10000,11589,0.4136061489973873,3662,8765,714
